categorie,prompt,imagine,model,timp_executie,respectare_cerinta,integrare_element,coerenta_luminii,realism,fidelitate,observatii,scor_total,eficienta
schimbare_culoare,Schimba culoarea masinii in negru,gemini/schimbare_culoare/img1.png,Gemini,20.48,5,5,5,5,4,"Culoare aplicata corect, o imbunatatire ar fi transparenta textului de pe portiera ca sa para mai real",4.8,0.234375
schimbare_culoare,Schimba culoarea masinii in negru,qwen/schimbare_culoare/img1.png,Qwen,58.01,4,5,4,3,4,"Culoare aplicata, nu pare a fi reala, a schimbat si culoarea jantelor",4.0,0.06895362868470954
schimbare_culoare,Schimba culoarea masinii in negru,flux/schimbare_culoare/img1.png,Flux,7.49,4,5,5,4,4,"Culoare aplicata, a scos textul de pe portiera, a schimbat si culoarea jantelor",4.4,0.5874499332443258
schimbare_culoare,Schimba culoarea tricoului in rosu,gemini/schimbare_culoare/img2.png,Gemini,18.65,5,5,5,5,5,"Culoare aplicata corect, fara modificari ale texturii si textului",5.0,0.2680965147453083
schimbare_culoare,Schimba culoarea tricoului in rosu,qwen/schimbare_culoare/img2.png,Qwen,55.0,5,5,3,2,4,"Culoare aplicata, nerealist, a schimbat textura, culoarea textului nu e realista, iar cel de jos este distorsionat",3.8,0.06909090909090909
schimbare_culoare,Schimba culoarea tricoului in rosu,flux/schimbare_culoare/img2.png,Flux,5.72,5,5,5,3,4,"Culoare aplicata, textura e schimbata (pare nerealist), textul de jos e putin distorsionat",4.4,0.7692307692307693
schimbare_culoare,Schimba culoarea peretilor albi in galben,gemini/schimbare_culoare/img3.png,Gemini,31.73,5,5,5,5,4,"Culoare aplicata corect, pare foarte real, chiar a aplicat culoarea pe perete si in oglinda, dar a modificat ramele tablourilor de pe peretele verde",4.8,0.1512763945792625
schimbare_culoare,Schimba culoarea peretilor albi in galben,qwen/schimbare_culoare/img3.png,Qwen,57.66,1,1,4,2,5,A aplicat culoarea pe pat si sifonier in loc de pereti,2.6,0.04509191814082553
schimbare_culoare,Schimba culoarea peretilor albi in galben,flux/schimbare_culoare/img3.png,Flux,5.86,4,3,5,2,5,"Culoare aplicata si pe peretele verde, nu pare realista, nu a respectat in totalitate cerinta ",3.8,0.6484641638225256
schimbare_culoare,Schimba culoarea copertii intr-un verde smarald si tricoul in rosu mat,gemini/schimbare_culoare/img4.png,Gemini,26.61,5,5,5,5,4,"Culori aplicate corect, a schimbat si culoarea textului din roz in rosu (se potrivea culoarea tricoului cu cea a textului in imaginea initiala) desi nu am cerut asta, dar o face sa para mai reala",4.8,0.18038331454340473
schimbare_culoare,Schimba culoarea copertii intr-un verde smarald si tricoul in rosu mat,qwen/schimbare_culoare/img4.png,Qwen,54.58,5,5,3,4,4,"Culori aplicate corect, a schimbat si culoarea textului in rosu desi nu am cerut, rosul mat arata nerealist, nu a pastrat in totalitate umbrele",4.2,0.07695126419934042
schimbare_culoare,Schimba culoarea copertii intr-un verde smarald si tricoul in rosu mat,flux/schimbare_culoare/img4.png,Flux,7.71,5,5,3,3,4,"Culori aplicate corect, a schimbat si culoarea textului in rosu, culoarea fundalului este prea aprinsa, a schimbat putin si culoarea pielii",4.0,0.5188067444876784
schimbare_culoare,Schimba culoarea scaunului astfel incat sa fie la fel ca masa,gemini/schimbare_culoare/img5.png,Gemini,14.87,5,5,5,5,5,"Culoare aplicata, pare real, a aplicat corect cerinta",5.0,0.3362474781439139
schimbare_culoare,Schimba culoarea scaunului astfel incat sa fie la fel ca masa,qwen/schimbare_culoare/img5.png,Qwen,53.97,5,5,5,4,4,"Culoare aplicata, spatarul scaunului este mai mic, a modificat reflexia din cuptor",4.6,0.08523253659440429
schimbare_culoare,Schimba culoarea scaunului astfel incat sa fie la fel ca masa,flux/schimbare_culoare/img5.png,Flux,6.08,1,3,4,3,5,"Nu a respectat cerinta, a facut scaunul rosu in loc sa il faca la fel ca masa",3.2,0.5263157894736842
schimbare_culoare,Schimba culoarea trandafirilor in rosu,gemini/schimbare_culoare/img6.png,Gemini,16.51,3,5,4,4,4,"A pus alti trandafiri, nu i-a lasat pe cei din poza si nici nu i-a colorat pe toti",4.0,0.24227740763173833
schimbare_culoare,Schimba culoarea trandafirilor in rosu,qwen/schimbare_culoare/img6.png,Qwen,54.39,3,3,3,3,4,"Nu a pastrat trandafirii din poza initiala, a pus altii rosii",3.2,0.05883434454863026
schimbare_culoare,Schimba culoarea trandafirilor in rosu,flux/schimbare_culoare/img6.png,Flux,8.25,1,1,3,1,4,"Nu a respectat cerinta, a facut tot buchetul rosu",2.0,0.24242424242424243
schimbare_culoare,Schimba culoarea farfuriilor in negru,gemini/schimbare_culoare/img7.png,Gemini,27.5,5,5,5,5,5,"A schimbat corect culoarea tuturor farfuriilor, pastrand umbrele",5.0,0.18181818181818182
schimbare_culoare,Schimba culoarea farfuriilor in negru,qwen/schimbare_culoare/img7.png,Qwen,59.27,4,4,3,3,4,"Culoarea nu a fost aplicata complet pe una dintre farfurii, nu pare reala nici pe celelalte",3.6,0.060738991057870756
schimbare_culoare,Schimba culoarea farfuriilor in negru,flux/schimbare_culoare/img7.png,Flux,8.61,4,3,4,4,3,"Nu a fost modificata o farfurie, un element lipseste de pe alta",3.6,0.41811846689895477
schimbare_culoare,"Schimba culoarea luminii rosii in auriu, pastrand partea intunecata",gemini/schimbare_culoare/img8.png,Gemini,14.61,5,5,5,5,5,"A schimbat corect culoarea, pastrand restul intact",5.0,0.3422313483915127
schimbare_culoare,"Schimba culoarea luminii rosii in auriu, pastrand partea intunecata",qwen/schimbare_culoare/img8.png,Qwen,56.76,5,5,4,5,4,"Culoarea a fost aplicata, e putin cam deschisa, trebuia sa pastreze albastrul de la fereastra",4.6,0.0810429880197322
schimbare_culoare,"Schimba culoarea luminii rosii in auriu, pastrand partea intunecata",flux/schimbare_culoare/img8.png,Flux,8.61,4,3,4,3,3,Nu a pastrat lumina de la fereastra si culoarea e prea deschisa,3.4,0.39488966318234614
schimbare_culoare,"Schimba culoarea hainelor in roz pudrat, parul in blond si unghiile in negru",gemini/schimbare_culoare/img9.png,Gemini,13.24,5,5,5,5,5,"A schimbat corect culorile, pastrand la fel imaginea initiala",5.0,0.3776435045317221
schimbare_culoare,"Schimba culoarea hainelor in roz pudrat, parul in blond si unghiile in negru",qwen/schimbare_culoare/img9.png,Qwen,57.08,5,4,4,3,4,"Culorile au fost aplicate, a schimbat textura si pozitia parului",4.0,0.0700770847932726
schimbare_culoare,"Schimba culoarea hainelor in roz pudrat, parul in blond si unghiile in negru",flux/schimbare_culoare/img9.png,Flux,6.1,5,4,3,3,3,"A modificat structura hainelor din poza initiala, a schimbat textura si pozitia parului",3.6,0.5901639344262296
schimbare_culoare,Schimba culoarea copertii in mov,gemini/schimbare_culoare/img10.png,Gemini,12.67,5,5,5,5,5,"Culoare aplicata corect, cartea pare reala",5.0,0.39463299131807417
schimbare_culoare,Schimba culoarea copertii in mov,qwen/schimbare_culoare/img10.png,Qwen,57.89,3,4,4,3,4,"A schimbat culoarea in burgundiu in loc de mov, textul de sus este putin distorsionat",3.6,0.06218690620141648
schimbare_culoare,Schimba culoarea copertii in mov,flux/schimbare_culoare/img10.png,Flux,7.93,3,4,4,4,4,"A schimbat culoarea in burgundiu in loc de mov, textul de sus este putin distorsionat",3.8,0.4791929382093316
multi_image,Pune puloverul pe fata din imagine,gemini/multi_image/img1.png,Gemini,28.61,5,4,5,4,3,"A pus puloverul pe fata, textul nu este coerent, o imbunatatire ar fi pozitia acestuia (nu l-a modificat dupa pozitia fetei)",4.2,0.1468018175463125
multi_image,Pune puloverul pe fata din imagine,qwen/multi_image/img1.png,Qwen,63.25,4,3,3,2,2,"A respectat cerinta, chiar a aplicat bine pozitia puloverului, textul nu este coerent, dar a adaugat un element rosu la bust, ca de manechin",2.8,0.044268774703557306
multi_image,Pune puloverul pe fata din imagine,flux/multi_image/img1.png,Flux,53.54,3,4,3,4,2,"A modificat fata si pozitia fetei, a facut-o trista",3.2,0.05976839745984311
multi_image,"Pune hainele pe fata din imagine, astfel incat sa se observe cum se asaza pe corp, pastrand aspectul realist",gemini/multi_image/img2.png,Gemini,24.4,5,5,5,5,5,A respectat complet cerinta data,5.0,0.20491803278688525
multi_image,"Pune hainele pe fata din imagine, astfel incat sa se observe cum se asaza pe corp, pastrand aspectul realist",qwen/multi_image/img2.png,Qwen,59.79,2,1,3,1,1,"A modificat complet aspectul fetei, a pus doar maioul din imagine, dar l-a pus peste bluza neagra deja existenta, pantalonii nu i-a pus, iar parul fetei l-a facut scurt",1.6,0.026760327814015723
multi_image,"Pune hainele pe fata din imagine, astfel incat sa se observe cum se asaza pe corp, pastrand aspectul realist",flux/multi_image/img2.png,Flux,12.66,4,1,4,1,1,"A respectat cerinta, dar corpul nu arata real, pare a fi dintr-un desen animat, pantalonii i-a facut scurti",2.2,0.17377567140600317
multi_image,Pune tricoul pe baiatul din imagine,gemini/multi_image/img3.png,Gemini,17.89,5,5,5,5,5,"Cerinta este respectata, a inlocuit perfect tricoul pe baiat",5.0,0.27948574622694244
multi_image,Pune tricoul pe baiatul din imagine,qwen/multi_image/img3.png,Qwen,64.31,5,2,3,2,3,"A respectat cerinta, a modificat putin pozitia fetei si fundalul e modificat complet, elementele nu sunt integrate asa bine, nu are umbre care sa-i redea realismul",3.0,0.04664904369460426
multi_image,Pune tricoul pe baiatul din imagine,flux/multi_image/img3.png,Flux,17.09,5,4,3,3,4,"Cerinta respectata, tricoul este cam inchis, nu are umbre care sa il faca sa para complet real, textul este modificat putin",3.8,0.22235225277940315
multi_image,"Foloseste prima imagine ca scena principala si integreaza produsul din a doua imagine in aceasta, astfel incat rezultatul sa fie realist si potrivit pentru o campanie promotionala",gemini/multi_image/img4.png,Gemini,17.5,5,4,5,4,4,"A respectat cerinta, fundalul este putin modificat fata de imaginea originala",4.4,0.25142857142857145
multi_image,"Foloseste prima imagine ca scena principala si integreaza produsul din a doua imagine in aceasta, astfel incat rezultatul sa fie realist si potrivit pentru o campanie promotionala",qwen/multi_image/img4.png,Qwen,62.43,4,3,3,3,4,"A respectat cerinta, nu este tocmai o campanie promotionala, a inchis mult culoarea fundalului",3.4,0.054460996315873776
multi_image,"Foloseste prima imagine ca scena principala si integreaza produsul din a doua imagine in aceasta, astfel incat rezultatul sa fie realist si potrivit pentru o campanie promotionala",flux/multi_image/img4.png,Flux,9.97,3,1,3,1,1,"Nu este realista, cartea este deformata, nu e campanie promotionala",1.8,0.18054162487462386
multi_image,"Pune fata din imagine pe scaunul rosu din dreapta pozei atasate, tinand tortul din imagine in mana",gemini/multi_image/img5.png,Gemini,26.56,5,5,5,5,5,"A respectat complet cerinta, chiar a pastrat si tava pe care era tortul si a pus pe masa geanta pe care o tinea fata in imaginea originala",5.0,0.18825301204819278
multi_image,"Pune fata din imagine pe scaunul rosu din dreapta pozei atasate, tinand tortul din imagine in mana",qwen/multi_image/img5.png,Qwen,71.57,4,3,4,3,3,"A adaugat un alt scaun rosu in dreapta, pe langa cel deja existent, lampa din spate e putin modificata",3.4,0.04750593824228029
multi_image,"Pune fata din imagine pe scaunul rosu din dreapta pozei atasate, tinand tortul din imagine in mana",flux/multi_image/img5.png,Flux,14.18,3,3,3,3,2,"A modificat destul de mult fundalul, elementele nu sunt in acelasi loc ca in imaginea originala",2.8,0.19746121297602257
multi_image,Pune lampa din imagine in locul celei din imaginea cu sufrageria,gemini/multi_image/img6.png,Gemini,22.02,5,5,4,5,5,"Cerinta respectata complet, un lucru care ar trebui imbunatatit ar fi lumina care cade pe elementele din jur, a iluminat si partea de jos din jurul lampii",4.8,0.21798365122615804
multi_image,Pune lampa din imagine in locul celei din imaginea cu sufrageria,qwen/multi_image/img6.png,Qwen,63.56,1,3,3,3,3,A decupat imaginea cu sufrageria si a adaugat o lustra complet diferita de lampa din imaginea atasata,2.6,0.04090623033354311
multi_image,Pune lampa din imagine in locul celei din imaginea cu sufrageria,flux/multi_image/img6.png,Flux,9.71,2,3,3,4,4,"A decupat imaginea cu sufrageria, adaugand lampa din imaginea atasata langa cea din sufragerie, in loc sa o inlocuiasca pe aceasta",3.2,0.329557157569516
multi_image,"Foloseste imaginea cu fata ca scena principala si adauga florile si adidasii din celelalte imagini atasate, florile sa le tina in mana",gemini/multi_image/img7.png,Gemini,25.98,4,4,5,4,5,"Nu a pastrat complet umbrele la aplicarea adidasului stang, facandu-l sa para nerealist, florile nu sunt in mana fetei",4.4,0.1693610469591994
multi_image,"Foloseste imaginea cu fata ca scena principala si adauga florile si adidasii din celelalte imagini atasate, florile sa le tina in mana",qwen/multi_image/img7.png,Qwen,69.51,2,1,1,1,2,"Nu a respectat cerinta, adidasii i-a pus langa fata, florile sunt in bratele ei dar sunt deformate",1.4,0.020140986908358506
multi_image,"Foloseste imaginea cu fata ca scena principala si adauga florile si adidasii din celelalte imagini atasate, florile sa le tina in mana",flux/multi_image/img7.png,Flux,13.25,2,1,2,2,2,"A modificat putin aspectul florilor, iar adidasii din imaginea atasata nu i-a folosit",1.8,0.13584905660377358
multi_image,"Transforma imaginile intr-un editorial de produs de lux, cu iluminare cinematica si culori echilibrate",gemini/multi_image/img8.png,Gemini,31.01,5,5,5,5,4,"Cerinta a fost complet respectata, o imbunatatire ar fi la pozitia textului de pe ambalaj",4.8,0.1547887778136085
multi_image,"Transforma imaginile intr-un editorial de produs de lux, cu iluminare cinematica si culori echilibrate",qwen/multi_image/img8.png,Qwen,62.27,3,3,4,3,3,"Nu mi se pare ca este tocmai un editorial, culorile nu se potrivesc cu produsul",3.2,0.051389111931909426
multi_image,"Transforma imaginile intr-un editorial de produs de lux, cu iluminare cinematica si culori echilibrate",flux/multi_image/img8.png,Flux,10.46,2,2,3,3,2,"A modificat textura produsului, aspectul fetei si a adaugat si o versiune mai mica a produsului, pe langa cea din imaginea atasata",2.4,0.22944550669216057
multi_image,"Combina imaginile intr-un editorial de produs de lux, cu iluminare cinematica si culori echilibrate",gemini/multi_image/img9.png,Gemini,15.2,5,5,5,5,5,A respectat complet cerinta data,5.0,0.32894736842105265
multi_image,"Combina imaginile intr-un editorial de produs de lux, cu iluminare cinematica si culori echilibrate",qwen/multi_image/img9.png,Qwen,61.72,3,2,2,2,3,"Elementele par aplicate artificial, iluminarea nu corespunde cu fundalul, nici hainele cu esarfa fetei, textul este distorsionat",2.4,0.03888528839922229
multi_image,"Combina imaginile intr-un editorial de produs de lux, cu iluminare cinematica si culori echilibrate",flux/multi_image/img9.png,Flux,10.48,4,2,4,3,4,"A respectat cerinta, totusi nu pot spune ca este tocmai un editorial, a modificat ochii fetei si a adaugat un scaun care pare legat de hainele acesteia",3.4,0.3244274809160305
multi_image,Pune geaca si caciula din imagini pe personajul din jocul video din imaginea atasata,gemini/multi_image/img10.png,Gemini,25.25,5,5,5,5,5,Cerinta respectata complet,5.0,0.19801980198019803
multi_image,Pune geaca si caciula din imagini pe personajul din jocul video din imaginea atasata,qwen/multi_image/img10.png,Qwen,70.64,4,1,2,2,3,"A respectat cerinta, dar nu a mai adaugat si numele brandului pe geaca, se observa din contrastul dintre culorile fesului si cele ale logo-ului ca iluminarea nu este realista",2.4,0.03397508493771234
multi_image,Pune geaca si caciula din imagini pe personajul din jocul video din imaginea atasata,flux/multi_image/img10.png,Flux,14.03,5,3,5,4,3,"A schimbat pozitia personajului, a modificat parul si structura fetei",4.0,0.2851033499643621
adaugare_obiecte,"Adauga un dulap negru si ingust in dreapta televizorului, dupa semnul cu litera X, sa fie de marimea mobilei din poza",gemini/adaugare_obiecte/img1.png,Gemini,14.6,5,5,5,5,5,A respectat complet cerinta data,5.0,0.3424657534246575
adaugare_obiecte,"Adauga un dulap negru si ingust in dreapta televizorului, dupa semnul cu litera X, sa fie de marimea mobilei din poza",qwen/adaugare_obiecte/img1.png,Qwen,56.74,5,5,4,4,5,"A respectat cerinta, este putin cam inchis, se putea lucra mai mult la iluminare",4.6,0.08107155445893549
adaugare_obiecte,"Adauga un dulap negru si ingust in dreapta televizorului, dupa semnul cu litera X, sa fie de marimea mobilei din poza",flux/adaugare_obiecte/img1.png,Flux,6.2,3,3,3,3,2,"Dulapul nu respecta marimea mobilei din poza, manerul e adaugat pe mijlocul acestuia",2.8,0.4516129032258064
adaugare_obiecte,"Adauga un tablou cu rama din lemn, alb cu frunze si alte elemente aurii deasupra patului din poza atasata",gemini/adaugare_obiecte/img2.png,Gemini,25.98,5,5,5,5,5,Cerinta a fost respectata complet,5.0,0.1924557351809084
adaugare_obiecte,"Adauga un tablou cu rama din lemn, alb cu frunze si alte elemente aurii deasupra patului din poza atasata",qwen/adaugare_obiecte/img2.png,Qwen,57.78,4,4,3,3,4,"Nu a facut si frunzele aurii, iluminarea nu este pusa corect, ceea ce il face sa para nerealist",3.6,0.06230529595015576
adaugare_obiecte,"Adauga un tablou cu rama din lemn, alb cu frunze si alte elemente aurii deasupra patului din poza atasata",flux/adaugare_obiecte/img2.png,Flux,5.62,2,4,3,3,3,"Nu a generat un tablou, ci un copac pus ca decor deasupra patului",3.0,0.5338078291814946
adaugare_obiecte,Adauga o portie de papanasi in locul rosiilor din farfuria de sus,gemini/adaugare_obiecte/img3.png,Gemini,32.58,5,5,4,5,5,"Cerinta respectata, o imbunatatire ar fi focalizarea pe obiecte, recipientul de langa este mai blurat decat papanasii",4.8,0.14732965009208104
adaugare_obiecte,Adauga o portie de papanasi in locul rosiilor din farfuria de sus,qwen/adaugare_obiecte/img3.png,Qwen,57.55,3,3,4,4,4,"Nu a adaugat papanasi, seamana mai mult cu niste gogosi simple, lingura nu ar mai trebui sa fie acolo",3.6,0.06255430060816682
adaugare_obiecte,Adauga o portie de papanasi in locul rosiilor din farfuria de sus,flux/adaugare_obiecte/img3.png,Flux,8.85,2,2,5,1,3,"A adaugat gogosi cu zahar, dar nu in locul rosiilor din farfuria de sus, ci pe piureul din cealalta farfurie",2.6,0.2937853107344633
adaugare_obiecte,"Adauga floricele printre coafura fetei din imagine, pune-le cat mai realist si nu modifica altceva din imaginea data",gemini/adaugare_obiecte/img4.png,Gemini,33.89,4,4,4,4,4,"A modificat putin pozitia persoanei, integrarea florilor ar putea fi imbunatatita prin iluminare mai buna",4.0,0.11802891708468574
adaugare_obiecte,"Adauga floricele printre coafura fetei din imagine, pune-le cat mai realist si nu modifica altceva din imaginea data",qwen/adaugare_obiecte/img4.png,Qwen,56.97,3,3,1,1,3,"Nu pare realist, florile si iluminarea arata artificial, a pastrat pozitia fetei",2.2,0.038616815868000705
adaugare_obiecte,"Adauga floricele printre coafura fetei din imagine, pune-le cat mai realist si nu modifica altceva din imaginea data",flux/adaugare_obiecte/img4.png,Flux,10.16,2,1,1,1,2,"A adaugat foarte multe flori, ca un buchet, e total nerealist",1.4,0.13779527559055116
adaugare_obiecte,Adauga o curea subtire si neagra in talie si un colier negru pe gatul modelului imbracat in rosu,gemini/adaugare_obiecte/img5.png,Gemini,19.76,5,5,5,5,5,Cerinta a fost respectata complet,5.0,0.25303643724696356
adaugare_obiecte,Adauga o curea subtire si neagra in talie si un colier negru pe gatul modelului imbracat in rosu,qwen/adaugare_obiecte/img5.png,Qwen,57.32,3,3,4,4,4,"Cureaua din talie si colierul par a fi mai degraba o banda, deoarece nu au caracteristicile elementelor cerute.",3.6,0.0628053035589672
adaugare_obiecte,Adauga o curea subtire si neagra in talie si un colier negru pe gatul modelului imbracat in rosu,flux/adaugare_obiecte/img5.png,Flux,16.04,2,2,4,4,4,"A adaugat o jacheta, nu o curea in talie, a pus un colier la gat, nu pe gat",3.2,0.19950124688279303
adaugare_obiecte,Adauga o fundita pe unghia de la degetul inelar care sa aiba aceeasi culoare de albastru de pe celelalte unghii,gemini/adaugare_obiecte/img6.png,Gemini,19.87,4,5,5,4,5,"A adaugat fundita si pe unghia de la degetul mijlociu, nu numai pe inelar",4.6,0.23150478107700048
adaugare_obiecte,Adauga o fundita pe unghia de la degetul inelar care sa aiba aceeasi culoare de albastru de pe celelalte unghii,qwen/adaugare_obiecte/img6.png,Qwen,57.01,1,1,5,2,1,"Nu a respectat cerinta, nu a adaugat fundita, in schimb a modificat unghia mare",2.0,0.03508156463778284
adaugare_obiecte,Adauga o fundita pe unghia de la degetul inelar care sa aiba aceeasi culoare de albastru de pe celelalte unghii,flux/adaugare_obiecte/img6.png,Flux,5.77,1,1,3,3,1,"Nu a adaugat fundita pe inelar, a facut unghia de la degetul mijlociu albastra, iar culorile de pe celelalte unghii nu corespund cu cea de la unghia mare",1.8,0.31195840554592724
adaugare_obiecte,Adauga o husa maro pe telefonul din mana fetei si un ceas auriu pe incheietura mainii din dreapta,gemini/adaugare_obiecte/img7.png,Gemini,14.62,5,5,4,5,5,"Cerinta complet respectata, se poate imbunatati iluminarea de pe husa",4.8,0.3283173734610123
adaugare_obiecte,Adauga o husa maro pe telefonul din mana fetei si un ceas auriu pe incheietura mainii din dreapta,qwen/adaugare_obiecte/img7.png,Qwen,59.74,3,3,3,3,3,"A pus o banda neagra la ceas, a acoperit complet telefonul cu maro, iluminarea de pe acesta poate fi imbunatatita",3.0,0.05021760964178105
adaugare_obiecte,Adauga o husa maro pe telefonul din mana fetei si un ceas auriu pe incheietura mainii din dreapta,flux/adaugare_obiecte/img7.png,Flux,5.99,2,3,4,4,4,"Nu a adaugat husa maro pe telefon, pozitia ceasului poate fi imbunatatita",3.4,0.5676126878130217
adaugare_obiecte,"Adauga o minge in fata cainelui, pozitionata ca si cum ar interactiona cu aceasta",gemini/adaugare_obiecte/img8.png,Gemini,20.83,4,5,5,5,5,"Mingea a fost plasata sub labutele cainelui, nu chiar in fata acestuia",4.8,0.23043686989918388
adaugare_obiecte,"Adauga o minge in fata cainelui, pozitionata ca si cum ar interactiona cu aceasta",qwen/adaugare_obiecte/img8.png,Qwen,56.41,5,3,2,3,4,"Cerinta respectata, chiar daca a schimbat pozitia cainelui, ar trebui sa fie mai multe umbre pe minge",3.4,0.06027300124091473
adaugare_obiecte,"Adauga o minge in fata cainelui, pozitionata ca si cum ar interactiona cu aceasta",flux/adaugare_obiecte/img8.png,Flux,7.77,5,4,4,3,4,"A modificat gura si a scurtat picioarele din fata ale cainelui, pe minge lipsesc cateva umbre.",4.0,0.5148005148005148
adaugare_obiecte,"Adauga un rucsac negru pe scaunul de jos, integrat realist in interiorul masinii",gemini/adaugare_obiecte/img9.png,Gemini,18.53,5,5,5,5,5,A fost respectata complet cerinta,5.0,0.2698327037236913
adaugare_obiecte,"Adauga un rucsac negru pe scaunul de jos, integrat realist in interiorul masinii",qwen/adaugare_obiecte/img9.png,Qwen,56.32,4,3,2,1,3,"Rucsacul nu are o textura realista, lipsesc umbre importante pentru realism",2.6,0.04616477272727273
adaugare_obiecte,"Adauga un rucsac negru pe scaunul de jos, integrat realist in interiorul masinii",flux/adaugare_obiecte/img9.png,Flux,7.54,5,5,5,5,5,Cerinta a fost respectata,5.0,0.6631299734748011
adaugare_obiecte,"Adauga o bicicleta sprijinita de ghiveciul maro, respectand iluminarea naturala",gemini/adaugare_obiecte/img10.png,Gemini,19.53,5,5,4,5,5,"Cerinta respectata, se mai poate lucra la iluminarea de pe geanta",4.8,0.24577572964669736
adaugare_obiecte,"Adauga o bicicleta sprijinita de ghiveciul maro, respectand iluminarea naturala",qwen/adaugare_obiecte/img10.png,Qwen,56.29,4,3,2,2,5,"Partea din spate a bicicletei pare nerealista, iluminarea este slaba",3.2,0.05684846331497602
adaugare_obiecte,"Adauga o bicicleta sprijinita de ghiveciul maro, respectand iluminarea naturala",flux/adaugare_obiecte/img10.png,Flux,5.6,2,1,4,2,1,"A incercat sa adauge mai multe biciclete, sunt multe elemente in acelasi loc care nu au ce cauta acolo",2.0,0.35714285714285715
eliminare_obiecte,Elimina ganterele din poza,gemini/eliminare_obiecte/img1.png,Gemini,20.62,5,5,5,5,5,Cerinta a fost respectata,5.0,0.2424830261881668
eliminare_obiecte,Elimina ganterele din poza,qwen/eliminare_obiecte/img1.png,Qwen,57.37,1,3,3,3,4,"A eliminat geanta in locul ganterelor, iluminarea de pe masa poate fi imbunatatita",2.8,0.04880599616524316
eliminare_obiecte,Elimina ganterele din poza,flux/eliminare_obiecte/img1.png,Flux,7.65,5,4,3,2,2,"A scos si borcanele cu pastile din imagine, a modificat geanta, partea de jos a bustului nu mai este vizibila",3.2,0.41830065359477125
eliminare_obiecte,Elimina sticla de parfum din mana fetei,gemini/eliminare_obiecte/img2.png,Gemini,17.91,5,5,5,5,4,A modificat pozitia mainii si pozitia fetei putin,4.8,0.26800670016750416
eliminare_obiecte,Elimina sticla de parfum din mana fetei,qwen/eliminare_obiecte/img2.png,Qwen,53.86,5,5,5,5,5,A fost respectata complet cerinta,5.0,0.09283327144448571
eliminare_obiecte,Elimina sticla de parfum din mana fetei,flux/eliminare_obiecte/img2.png,Flux,7.95,5,5,5,4,5,"Cerinta e respectata, insa degetul inelar si cel mic arata putin nerealist",4.8,0.6037735849056604
eliminare_obiecte,Elimina obiectul de pe scaunul masinii,gemini/eliminare_obiecte/img3.png,Gemini,22.77,5,5,5,5,5,A fost respectata cerinta,5.0,0.21958717610891523
eliminare_obiecte,Elimina obiectul de pe scaunul masinii,qwen/eliminare_obiecte/img3.png,Qwen,53.85,5,4,3,3,5,"Cerinta respectata, ar trebui imbunatatita iluminarea si realismul, scaunele nu au textura",4.0,0.07428040854224698
eliminare_obiecte,Elimina obiectul de pe scaunul masinii,flux/eliminare_obiecte/img3.png,Flux,9.5,5,5,4,4,5,"A respectat cerinta, iluminarea ar putea fi mai buna, pielea de pe scaune nu prea are textura",4.6,0.4842105263157894
eliminare_obiecte,Elimina geanta din poza,gemini/eliminare_obiecte/img4.png,Gemini,16.74,5,5,5,5,5,Cerinta data a fost respectata,5.0,0.2986857825567503
eliminare_obiecte,Elimina geanta din poza,qwen/eliminare_obiecte/img4.png,Qwen,54.47,5,5,5,4,5,"Cerinta respectata, a facut textura mai fina, ceea ce o face sa para mai nerealista",4.8,0.08812190196438406
eliminare_obiecte,Elimina geanta din poza,flux/eliminare_obiecte/img4.png,Flux,8.59,5,4,5,4,3,"A respectat cerinta, insa a modificat pozitia mainii si textul de la curea este distorsionat",4.2,0.4889406286379511
eliminare_obiecte,Elimina semnul de circulatie din imagine si reconstruieste fundalul in mod realist,gemini/eliminare_obiecte/img5.png,Gemini,17.51,5,5,5,5,5,A respectat complet cerinta,5.0,0.2855511136493432
eliminare_obiecte,Elimina semnul de circulatie din imagine si reconstruieste fundalul in mod realist,qwen/eliminare_obiecte/img5.png,Qwen,54.5,5,5,5,5,5,Cerinta a fost respectata,5.0,0.09174311926605505
eliminare_obiecte,Elimina semnul de circulatie din imagine si reconstruieste fundalul in mod realist,flux/eliminare_obiecte/img5.png,Flux,6.81,3,3,4,4,3,"Nu a eliminat complet semnul de circulatie si a eliminat marcajele stradale si o masina, inlocuindu-o cu doua motociclete",3.4,0.49926578560939794
eliminare_obiecte,Elimina tavile negre din imagine si elementele din acestea,gemini/eliminare_obiecte/img6.png,Gemini,18.34,5,5,5,5,5,Cerinta data a fost respectata,5.0,0.27262813522355506
eliminare_obiecte,Elimina tavile negre din imagine si elementele din acestea,qwen/eliminare_obiecte/img6.png,Qwen,54.19,5,5,5,5,5,A respectat complet cerinta,5.0,0.09226794611551947
eliminare_obiecte,Elimina tavile negre din imagine si elementele din acestea,flux/eliminare_obiecte/img6.png,Flux,7.92,5,5,5,5,2,"Cerinta a fost respectata, insa a scos majoritatea elementelor din imagine, imaginea de pe laptop a facut-o neagra",4.4,0.5555555555555556
eliminare_obiecte,Elimina oglinda rotunda din imagine,gemini/eliminare_obiecte/img7.png,Gemini,18.27,5,5,4,5,5,"Cerinta data a fost respectata, nu a pastrat complet pozitia luminii din poza initiala",4.8,0.2627257799671593
eliminare_obiecte,Elimina oglinda rotunda din imagine,qwen/eliminare_obiecte/img7.png,Qwen,54.12,5,5,5,5,5,A fost respectata complet cerinta,5.0,0.09238728750923873
eliminare_obiecte,Elimina oglinda rotunda din imagine,flux/eliminare_obiecte/img7.png,Flux,7.62,2,5,1,4,3,"A scos oglinda, dar a eliminat cam toate elementele, doar canapeaua nu",3.0,0.39370078740157477
eliminare_obiecte,Elimina scrisul auriu de pe geamul din poza atasata,gemini/eliminare_obiecte/img8.png,Gemini,19.2,5,5,5,5,4,"A fost respectata cerinta, textul de pe carti este foarte putin distorsionat",4.8,0.25
eliminare_obiecte,Elimina scrisul auriu de pe geamul din poza atasata,qwen/eliminare_obiecte/img8.png,Qwen,54.33,5,5,5,5,4,"Cerinta respectata, textul de pe carti este putin distorsionat",4.8,0.0883489784649365
eliminare_obiecte,Elimina scrisul auriu de pe geamul din poza atasata,flux/eliminare_obiecte/img8.png,Flux,7.35,5,5,5,5,4,"A fost respectata cerinta data, textul de pe carti este putin distorsionat",4.8,0.653061224489796
eliminare_obiecte,Elimina complet caciula de pe capul persoanei si reconstruieste realist parul si forma capului,gemini/eliminare_obiecte/img9.png,Gemini,17.21,5,5,5,5,5,Cerinta data a fost complet respectata,5.0,0.2905287623474724
eliminare_obiecte,Elimina complet caciula de pe capul persoanei si reconstruieste realist parul si forma capului,qwen/eliminare_obiecte/img9.png,Qwen,54.42,5,5,3,3,5,"Cerinta respectata, umbrele de pe hanorac nu corespund cu cele din poza initiala, are un aspect nerealist",4.2,0.07717750826901874
eliminare_obiecte,Elimina complet caciula de pe capul persoanei si reconstruieste realist parul si forma capului,flux/eliminare_obiecte/img9.png,Flux,7.72,5,5,5,5,4,"Cerinta respectata, doar ca a scos textul de pe hanorac si a modificat umbra persoanei",4.8,0.6217616580310881
eliminare_obiecte,Elimina fata din imaginea atasata,gemini/eliminare_obiecte/img10.png,Gemini,32.3,5,5,5,5,5,A fost complet respectata cerinta,5.0,0.15479876160990713
eliminare_obiecte,Elimina fata din imaginea atasata,qwen/eliminare_obiecte/img10.png,Qwen,54.62,3,1,5,1,4,"Cerinta partial respectata, nu a eliminat blugii fetei, este vizibil editata, textul de pe placute este putin distorsionat",2.8,0.05126327352618089
eliminare_obiecte,Elimina fata din imaginea atasata,flux/eliminare_obiecte/img10.png,Flux,8.26,5,5,5,5,5,A fost respectata cerinta,5.0,0.6053268765133172
schimbare_fundal,Schimba fundalul cu un oras iluminat noaptea,gemini/schimbare_fundal/img1.png,Gemini,22.82,5,5,4,5,4,"Cerinta respectata, a schimbat putin pozitia capului, iluminarea ar putea fi si mai buna",4.6,0.2015775635407537
schimbare_fundal,Schimba fundalul cu un oras iluminat noaptea,qwen/schimbare_fundal/img1.png,Qwen,54.25,5,3,3,3,5,"A fost respectata cerinta, iluminarea este slaba, se observa ca este editata poza",3.8,0.07004608294930875
schimbare_fundal,Schimba fundalul cu un oras iluminat noaptea,flux/schimbare_fundal/img1.png,Flux,7.66,5,3,3,2,5,"Se observa ca poza este editata, nu a pus geamuri pentru protectie la acea inaltime",3.6,0.4699738903394256
schimbare_fundal,Schimba fundalul cu un decor de plaja tropicala,gemini/schimbare_fundal/img2.png,Gemini,21.09,5,5,4,5,5,"Cerinta respectata, iluminarea poate fi imbunatatita",4.8,0.22759601706970128
schimbare_fundal,Schimba fundalul cu un decor de plaja tropicala,qwen/schimbare_fundal/img2.png,Qwen,54.37,5,2,2,1,4,"A schimbat fundalul, dar acesta este foarte artificial, nu a iluminat bine persoana din imagine",2.8,0.051498988412727605
schimbare_fundal,Schimba fundalul cu un decor de plaja tropicala,flux/schimbare_fundal/img2.png,Flux,8.55,5,3,3,2,4,"Cerinta respectata, persoana iese putin din contrast cu fundalul, corpul si geanta sunt vizibil artificiale",3.4,0.39766081871345027
schimbare_fundal,Schimba fundalul cu un peisaj de iarna,gemini/schimbare_fundal/img3.png,Gemini,17.88,5,5,5,5,4,"A integrat foarte bine persoana, doar ca i-a schimbat fata, facand-o sa zambeasca",4.8,0.2684563758389262
schimbare_fundal,Schimba fundalul cu un peisaj de iarna,qwen/schimbare_fundal/img3.png,Qwen,54.22,5,4,3,4,5,"Cerinta respectata, se poate imbunatati iluminarea pentru realism",4.2,0.07746219107340466
schimbare_fundal,Schimba fundalul cu un peisaj de iarna,flux/schimbare_fundal/img3.png,Flux,8.82,5,2,2,2,3,"A modificat destul de mult hainele si aspectul fetei, iluminarea nu corespunde cu fundalul, nu a pastrat peisajul original",2.8,0.31746031746031744
schimbare_fundal,Schimba fundalul cu o cafenea,gemini/schimbare_fundal/img4.png,Gemini,23.17,5,5,4,4,5,"A respectat cerinta, iluminarea o face putin sa fie nerealista, fata persoanei din spate este blurata",4.6,0.19853258523953385
schimbare_fundal,Schimba fundalul cu o cafenea,qwen/schimbare_fundal/img4.png,Qwen,53.97,5,5,5,2,2,"Cerinta respectata, dar a modificat artificial ochii persoanei",3.8,0.0704094867518992
schimbare_fundal,Schimba fundalul cu o cafenea,flux/schimbare_fundal/img4.png,Flux,5.84,5,5,5,5,5,Cerinta data a fost respectata,5.0,0.8561643835616438
schimbare_fundal,Schimba fundalul cu un peisaj fantasy,gemini/schimbare_fundal/img5.png,Gemini,21.6,5,5,5,5,5,Cerinta respectata complet,5.0,0.23148148148148145
schimbare_fundal,Schimba fundalul cu un peisaj fantasy,qwen/schimbare_fundal/img5.png,Qwen,53.92,5,5,4,1,5,"Cerinta respectata, se observa ca este editata artificial",4.0,0.07418397626112759
schimbare_fundal,Schimba fundalul cu un peisaj fantasy,flux/schimbare_fundal/img5.png,Flux,8.22,5,4,3,2,2,"A schimbat fundalul, fata persoanei este putin distorsionata",3.2,0.389294403892944
schimbare_fundal,Schimba fundalul intr-un decor minimalist,gemini/schimbare_fundal/img6.png,Gemini,36.87,5,5,5,5,5,Cerinta data a fost respectata,5.0,0.13561160835367508
schimbare_fundal,Schimba fundalul intr-un decor minimalist,qwen/schimbare_fundal/img6.png,Qwen,53.71,5,3,4,3,5,"Cerinta respectata, fundalul pare nerealist, nu are textura",4.0,0.07447402718301992
schimbare_fundal,Schimba fundalul intr-un decor minimalist,flux/schimbare_fundal/img6.png,Flux,7.46,5,5,4,4,5,"Cerinta a fost respectata, iluminarea poate fi mai buna",4.6,0.6166219839142091
schimbare_fundal,Schimba fundalul intr-un decor elegant si transforma imaginea intr-un editorial de moda,gemini/schimbare_fundal/img7.png,Gemini,37.66,5,5,5,5,5,Cerinta data a fost respectata,5.0,0.1327668613913967
schimbare_fundal,Schimba fundalul intr-un decor elegant si transforma imaginea intr-un editorial de moda,qwen/schimbare_fundal/img7.png,Qwen,53.65,5,4,3,2,1,"A schimbat fundalul, dar a modificat complet persoana din poza initiala",3.0,0.05591798695246971
schimbare_fundal,Schimba fundalul intr-un decor elegant si transforma imaginea intr-un editorial de moda,flux/schimbare_fundal/img7.png,Flux,8.08,5,2,3,1,5,"Cerinta respectata, dar fundalul nu corespunde cu pozitia fetei, se observa ca nu e reala",3.2,0.39603960396039606
schimbare_fundal,"Schimba fundalul intr-un decor cinematic, cu iluminare dramatica",gemini/schimbare_fundal/img8.png,Gemini,20.94,5,5,5,3,5,"A fost respectata cerinta, dar se observa ca nu este reala",4.6,0.21967526265520532
schimbare_fundal,"Schimba fundalul intr-un decor cinematic, cu iluminare dramatica",qwen/schimbare_fundal/img8.png,Qwen,53.77,5,5,5,3,5,"Cerinta respectata, nu pare destul de reala",4.6,0.08554956295331968
schimbare_fundal,"Schimba fundalul intr-un decor cinematic, cu iluminare dramatica",flux/schimbare_fundal/img8.png,Flux,7.62,5,5,5,4,3,"Pare reala, doar ca a schimbat prea mult fata din imaginea originala",4.4,0.5774278215223098
schimbare_fundal,Schimba fundalul intr-un decor premium si transforma imaginea intr-un vizual de campanie,gemini/schimbare_fundal/img9.png,Gemini,17.83,5,5,5,5,4,"Cerinta respectata, textul de pe produse este putin distorsionat",4.8,0.269209197980931
schimbare_fundal,Schimba fundalul intr-un decor premium si transforma imaginea intr-un vizual de campanie,qwen/schimbare_fundal/img9.png,Qwen,54.38,5,5,4,3,3,"A respectat cerinta, dar a eliminat un produs din imagine, textul este distorsionat, fundalul pare nerealist",4.0,0.07355645457888929
schimbare_fundal,Schimba fundalul intr-un decor premium si transforma imaginea intr-un vizual de campanie,flux/schimbare_fundal/img9.png,Flux,7.32,5,5,4,4,4,"Cerinta respectata, se poate imbunatati iluminarea, textul este foarte putin distorsionat",4.4,0.6010928961748634
schimbare_fundal,Schimba fundalul intr-un studio modern,gemini/schimbare_fundal/img10.png,Gemini,23.64,5,4,2,4,5,"Fundalul a fost schimbat, iluminarea de pe persoane nu prea se potriveste cu fundalul",4.0,0.1692047377326565
schimbare_fundal,Schimba fundalul intr-un studio modern,qwen/schimbare_fundal/img10.png,Qwen,54.34,5,5,5,2,5,"Cerinta respectata, poza nu are textura, ceea ce o face sa arate artificial",4.4,0.08097165991902834
schimbare_fundal,Schimba fundalul intr-un studio modern,flux/schimbare_fundal/img10.png,Flux,7.67,5,2,2,1,2,"A modificat aspectul fetelor blonde, a scos masa din fundal si pare ca stau pe jos, nu este bine iluminat cadrul",2.4,0.31290743155149936
